# of Clouds,RMSE,Fitness
2,0.003754868085677988,0.9390243902439024
3,0.004239870348814617,0.8500618779972154
